dn,objectClass,uid,homeDirectory,group,givenName,sn,displayName,cn,mail,manager,telephoneNumber,title
cn=Dan Jump,inetOrgPerson;person;organizationalPerson;posixAccount;top,danj,/home/danj,Executive,Dan,Jump,Dan Jump,Dan Jump,danj@contoso.com,,(425) 555-0179,CEO
cn=Adam Barr,inetOrgPerson;person;organizationalPerson;posixAccount;top,adamb,/home/adamb,Operations,Adam,Barr,Adam Barr,Adam Barr,adamb@contoso.com,cn=Dan Jump,(206) 555-5472,General Manager of Professional Services
cn=Alan Steiner,inetOrgPerson;person;organizationalPerson;posixAccount;top,alans,/home/alans,Project Management,Alan,Steiner,Alan Steiner,Alan Steiner,alans@contoso.com,cn=Adam Barr,(206) 555-2443,Director of Project Management Team
cn=Chris Norred,inetOrgPerson;person;organizationalPerson;posixAccount;top,chrisn,/home/chrisn,Project Management,Chris,Norred,Chris Norred,Chris Norred,chrisn@contoso.com,cn=Alan Steiner,(206) 555-1931,Project Manager
cn=Diane Tibbot,inetOrgPerson;person;organizationalPerson;posixAccount;top,dianet,/home/dianet,Operations,Diane,Tibbot,Diane Tibbot,Diane Tibbot,dianet@contoso.com,cn=Adam Barr,(206) 555-9327,CFO of Professional Services
cn=Christine Koch,inetOrgPerson;person;organizationalPerson;posixAccount;top,christk,/home/christk,Engineering,Christine,Koch,Christine Koch,Christine Koch,christk@contoso.com,cn=Adam Barr,(206) 555-2987,Managing Director
cn=Frank Martinez,inetOrgPerson;person;organizationalPerson;posixAccount;top,frankm1,/home/frankm1,Executive,Frank,Martinez,Frank Martinez,Frank Martinez,frankm1@contoso.com,cn=Dan Jump,(425) 555-0121,COO
cn=Karim Manar,inetOrgPerson;person;organizationalPerson;posixAccount;top,karimm,/home/karimm,Accounting,Karim,Manar,Karim Manar,Karim Manar,karimm@contoso.com,cn=Diane Tibbot,(206) 555-4156,Controller
cn=Dan Park,inetOrgPerson;person;organizationalPerson;posixAccount;top,danp,/home/danp,Sales,Dan,Park,Dan Park,Dan Park,danp@contoso.com,cn=Adam Barr,(713) 555-6563,Vice President NA Sales
cn=Jeff Hay,inetOrgPerson;person;organizationalPerson;posixAccount;top,jeffh,/home/jeffh,Executive,Jeff,Hay,Jeff Hay,Jeff Hay,jeffh@contoso.com,cn=Frank Martinez,(425) 555-0187,CVP of Operations
cn=Garth Fort,inetOrgPerson;person;organizationalPerson;posixAccount;top,garthf,/home/garthf,Human Resources,Garth,Fort,Garth Fort,Garth Fort,garthf@contoso.com,cn=Karim Manar,(206) 555-8258,HR Manager
cn=Cesar Garcia,inetOrgPerson;person;organizationalPerson;posixAccount;top,cesarg,/home/cesarg,Strategy Consulting,Cesar,Garcia,Cesar Garcia,Cesar Garcia,cesarg@contoso.com,cn=Christine Koch,(212) 555-4178,Strategy Consulting Manager
cn=Christa Geller,inetOrgPerson;person;organizationalPerson;posixAccount;top,christg,/home/christg,Executive,Christa,Geller,Christa Geller,Christa Geller,christg@contoso.com,cn=Jeff Hay,(425) 555-0177,CVP of Online
cn=Jack Creasey,inetOrgPerson;person;organizationalPerson;posixAccount;top,jackc,/home/jackc,Sales Engagement Management,Jack,Creasey,Jack Creasey,Jack Creasey,jackc@contoso.com,cn=Dan Park,(206) 555-4676,Managing Director
cn=David Maman,inetOrgPerson;person;organizationalPerson;posixAccount;top,davidm,/home/davidm,Strategy Consulting,David,Maman,David Maman,David Maman,davidm@contoso.com,cn=Christine Koch,(212) 555-2867,Strategy Consulting Manager
cn=Alan Brewer,inetOrgPerson;person;organizationalPerson;posixAccount;top,alanb,/home/alanb,Sales,Alan,Brewer,Alan Brewer,Alan Brewer,alanb@contoso.com,cn=Jack Creasey,(804) 555-2217,Regional Sales Manager
cn=David Simpson,inetOrgPerson;person;organizationalPerson;posixAccount;top,davids,/home/davids,Sales Engagement Management,David,Simpson,David Simpson,David Simpson,davids@contoso.com,cn=Alan Brewer,(206) 555-1123,Sales Manager
cn=Anna Lidman,inetOrgPerson;person;organizationalPerson;posixAccount;top,annal,/home/annal,Senior Management,Anna,Lidman,Anna Lidman,Anna Lidman,annal@contoso.com,cn=Christa Geller,(425) 555-0172,SVP of Online Services
cn=Eduard Dell,inetOrgPerson;person;organizationalPerson;posixAccount;top,eduardd,/home/eduardd,Sales,Eduard,Dell,Eduard Dell,Eduard Dell,eduardd@contoso.com,cn=Jack Creasey,(360) 555-4638,Regional Sales Manager
cn=Spencer Low,inetOrgPerson;person;organizationalPerson;posixAccount;top,spencel,/home/spencel,Sales,Spencer,Low,Spencer Low,Spencer Low,spencel@contoso.com,cn=Jack Creasey,(253) 555-7934,Regional Sales Manager
cn=Kelly Weadock,inetOrgPerson;person;organizationalPerson;posixAccount;top,kellyw,/home/kellyw,Operations,Kelly,Weadock,Kelly Weadock,Kelly Weadock,kellyw@contoso.com,cn=Adam Barr,(206) 555-8936,CTO of Professional Services
cn=Molly Clark,inetOrgPerson;person;organizationalPerson;posixAccount;top,mollyc,/home/mollyc,Senior Management,Molly,Clark,Molly Clark,Molly Clark,mollyc@contoso.com,cn=Anna Lidman,(425) 555-0192,GM of Online Ad Sales and Affiliate Marketing
cn=Larry Zhang,inetOrgPerson;person;organizationalPerson;posixAccount;top,larryz,/home/larryz,Sales,Larry,Zhang,Larry Zhang,Larry Zhang,larryz@contoso.com,cn=Jack Creasey,(914) 555-7414,Regional Sales Manager
cn=Arturo Lopez,inetOrgPerson;person;organizationalPerson;posixAccount;top,arturol,/home/arturol,Operations,Arturo,Lopez,Arturo Lopez,Arturo Lopez,arturol@contoso.com,cn=Kelly Weadock,(206) 555-3186,IT Director
cn=April Stewart,inetOrgPerson;person;organizationalPerson;posixAccount;top,aprils,/home/aprils,Sales,April,Stewart,April Stewart,April Stewart,aprils@contoso.com,cn=Eduard Dell,(312) 555-5454,Sales Manager
cn=Aaron Painter,inetOrgPerson;person;organizationalPerson;posixAccount;top,aaronp,/home/aaronp,Strategy Consulting,Aaron,Painter,Aaron Painter,Aaron Painter,aaronp@contoso.com,cn=Christine Koch,(212) 555-8335,Strategy Consulting Manager
cn=Andrew Ma,inetOrgPerson;person;organizationalPerson;posixAccount;top,andrewm,/home/andrewm,Project Management,Andrew,Ma,Andrew Ma,Andrew Ma,andrewm@contoso.com,cn=Alan Steiner,(206) 555-6345,Senior Project Manager
cn=Diane Prescott,inetOrgPerson;person;organizationalPerson;posixAccount;top,dianep,/home/dianep,Marketing,Diane,Prescott,Diane Prescott,Diane Prescott,dianep@contoso.com,cn=Molly Clark,(425) 555-0164,Director of Ad Sales
cn=Arthur Yasinski,inetOrgPerson;person;organizationalPerson;posixAccount;top,arthury,/home/arthury,Sales Engagement Management,Arthur,Yasinski,Arthur Yasinski,Arthur Yasinski,arthury@contoso.com,cn=Spencer Low,(214) 555-3187,Sales Manager
cn=Brad Sutton,inetOrgPerson;person;organizationalPerson;posixAccount;top,brads,/home/brads,Strategy Consulting,Brad,Sutton,Brad Sutton,Brad Sutton,brads@contoso.com,cn=Christine Koch,(212) 555-9758,Strategy Consulting Manager
cn=Amy Alberts,inetOrgPerson;person;organizationalPerson;posixAccount;top,amya,/home/amya,Human Resources,Amy,Alberts,Amy Alberts,Amy Alberts,amya@contoso.com,cn=Garth Fort,(206) 555-1346,HR Manager
cn=Steve Luper,inetOrgPerson;person;organizationalPerson;posixAccount;top,stevel,/home/stevel,Sales,Steve,Luper,Steve Luper,Steve Luper,stevel@contoso.com,cn=Jack Creasey,(619) 555-7772,Regional Sales Manager
cn=Julian Isla,inetOrgPerson;person;organizationalPerson;posixAccount;top,juliani,/home/juliani,Senior Management,Julian,Isla,Julian Isla,Julian Isla,juliani@contoso.com,cn=Molly Clark,(425) 555-0184,Sr. Business Development Manager
cn=Scott Bishop,inetOrgPerson;person;organizationalPerson;posixAccount;top,scottb,/home/scottb,Project Management,Scott,Bishop,Scott Bishop,Scott Bishop,scottb@contoso.com,cn=Alan Steiner,(206) 555-9977,Senior Project Manager
cn=Kelly Krout,inetOrgPerson;person;organizationalPerson;posixAccount;top,kellyk,/home/kellyk,Marketing,Kelly,Krout,Kelly Krout,Kelly Krout,kellyk@contoso.com,cn=Adam Barr,(206) 555-6511,Marketing Manager
cn=Stan Orme,inetOrgPerson;person;organizationalPerson;posixAccount;top,stano,/home/stano,Content Management Consulting,Stan,Orme,Stan Orme,Stan Orme,stano@contoso.com,cn=Alan Steiner,(206) 555-6169,Content Management Consulting Manager
cn=Mike Nash,inetOrgPerson;person;organizationalPerson;posixAccount;top,miken,/home/miken,Project Management,Mike,Nash,Mike Nash,Mike Nash,miken@contoso.com,cn=Alan Steiner,(206) 555-8148,Senior Project Manager
cn=Jenni Merrifield,inetOrgPerson;person;organizationalPerson;posixAccount;top,jennim,/home/jennim,Strategy Consulting,Jenni,Merrifield,Jenni Merrifield,Jenni Merrifield,jennim@contoso.com,cn=David Maman,(206) 555-3965,Strategy Consultant
cn=Keith Dishmo,inetOrgPerson;person;organizationalPerson;posixAccount;top,keithd,/home/keithd,Operations,Keith,Dishmo,Keith Dishmo,Keith Dishmo,keithd@contoso.com,cn=Adam Barr,(206) 555-7436,Procurement Manager
cn=Jose Saraiva,inetOrgPerson;person;organizationalPerson;posixAccount;top,joses,/home/joses,Sales,Jose,Saraiva,Jose Saraiva,Jose Saraiva,joses@contoso.com,cn=Larry Zhang,(206) 555-9337,Sales Manager
cn=Lene Aalling,inetOrgPerson;person;organizationalPerson;posixAccount;top,lenea,/home/lenea,Sales Engagement Management,Lene,Aalling,Lene Aalling,Lene Aalling,lenea@contoso.com,cn=Steve Luper,(701) 555-3621,Sales Manager
cn=Barry Johnson,inetOrgPerson;person;organizationalPerson;posixAccount;top,barryj,/home/barryj,Project Management,Barry,Johnson,Barry Johnson,Barry Johnson,barryj@contoso.com,cn=Alan Steiner,(206) 555-8673,Project Manager
cn=Ellen Adams,inetOrgPerson;person;organizationalPerson;posixAccount;top,ellena,/home/ellena,Strategy Consulting,Ellen,Adams,Ellen Adams,Ellen Adams,ellena@contoso.com,cn=Christine Koch,(212) 555-1397,Strategy Consulting Manager
cn=Ben Spain,inetOrgPerson;person;organizationalPerson;posixAccount;top,bens,/home/bens,Operations,Ben,Spain,Ben Spain,Ben Spain,bens@contoso.com,cn=Adam Barr,(206) 555-8216,Manager
cn=David Zazzo,inetOrgPerson;person;organizationalPerson;posixAccount;top,davidz,/home/davidz,Engineering Operations,David,Zazzo,David Zazzo,David Zazzo,davidz@contoso.com,cn=Adam Barr,(206) 555-4122,Managing Director
cn=Carol Troup,inetOrgPerson;person;organizationalPerson;posixAccount;top,carolt,/home/carolt,Engineering Operations,Carol,Troup,Carol Troup,Carol Troup,carolt@contoso.com,cn=David Zazzo,(206) 555-7223,Strategy Consulting Manager
cn=Erika Cheley,inetOrgPerson;person;organizationalPerson;posixAccount;top,erikac,/home/erikac,Operations,Erika,Cheley,Erika Cheley,Erika Cheley,erikac@contoso.com,cn=Ben Spain,(206) 555-1242,Manager
cn=Brian Groth,inetOrgPerson;person;organizationalPerson;posixAccount;top,briang,/home/briang,Project Management,Brian,Groth,Brian Groth,Brian Groth,briang@contoso.com,cn=Barry Johnson,(206) 555-9642,Project Manager
cn=Syed Abbas,inetOrgPerson;person;organizationalPerson;posixAccount;top,syeda,/home/syeda,CRM Strategy,Syed,Abbas,Syed Abbas,Syed Abbas,syeda@contoso.com,cn=Aaron Painter,(20) 5555-4595,CRM Consulting Manager
cn=Peder Thode,inetOrgPerson;person;organizationalPerson;posixAccount;top,pedert,/home/pedert,Content Management Consulting,Peder,Thode,Peder Thode,Peder Thode,pedert@contoso.com,cn=Stan Orme,(20) 5555-7862,Content Management Consultant
cn=Mary Cha,inetOrgPerson;person;organizationalPerson;posixAccount;top,maryc,/home/maryc,Content Management Consulting,Mary,Cha,Mary Cha,Mary Cha,maryc@contoso.com,cn=Stan Orme,(20) 5555-4594,Content Management Consultant
cn=Lisa Andrews,inetOrgPerson;person;organizationalPerson;posixAccount;top,lisaa,/home/lisaa,Content Management Consulting,Lisa,Andrews,Lisa Andrews,Lisa Andrews,lisaa@contoso.com,cn=Stan Orme,(20) 5555-7545,Content Management Consultant
cn=Jim Lucey,inetOrgPerson;person;organizationalPerson;posixAccount;top,jiml,/home/jiml,Content Management Consulting,Jim,Lucey,Jim Lucey,Jim Lucey,jiml@contoso.com,cn=Stan Orme,(20) 5555-1626,Content Management Consultant
cn=Gareth Chan,inetOrgPerson;person;organizationalPerson;posixAccount;top,garethc,/home/garethc,Content Management Consulting,Gareth,Chan,Gareth Chan,Gareth Chan,garethc@contoso.com,cn=Stan Orme,(20) 5555-5894,Content Management Consultant
cn=Karin Lamb,inetOrgPerson;person;organizationalPerson;posixAccount;top,karinl,/home/karinl,CRM Strategy,Karin,Lamb,Karin Lamb,Karin Lamb,karinl@contoso.com,cn=Syed Abbas,(20) 5555-9834,CRM Consultant
cn=David Hamilton,inetOrgPerson;person;organizationalPerson;posixAccount;top,davidh,/home/davidh,Content Management Consulting,David,Hamilton,David Hamilton,David Hamilton,davidh@contoso.com,cn=Stan Orme,(20) 5555-7963,CRM Consultant
cn=Merav Sror,inetOrgPerson;person;organizationalPerson;posixAccount;top,meravs,/home/meravs,CRM Strategy,Merav,Sror,Merav Sror,Merav Sror,meravs@contoso.com,cn=Syed Abbas,(20) 5555-2697,CRM Consultant
cn=Reina Cabatana,inetOrgPerson;person;organizationalPerson;posixAccount;top,reinac,/home/reinac,Content Management Consulting,Reina,Cabatana,Reina Cabatana,Reina Cabatana,reinac@contoso.com,cn=Stan Orme,(20) 5555-3658,Content Management Consultant
cn=Robin Young,inetOrgPerson;person;organizationalPerson;posixAccount;top,robiny,/home/robiny,Content Management Consulting,Robin,Young,Robin Young,Robin Young,robiny@contoso.com,cn=Stan Orme,(212) 555-4428,Content Management Consultant
cn=Peter Saddow,inetOrgPerson;person;organizationalPerson;posixAccount;top,peters,/home/peters,Content Management Consulting,Peter,Saddow,Peter Saddow,Peter Saddow,peters@contoso.com,cn=Stan Orme,(212) 555-9437,Content Management Consultant
cn=Vladimir Egorov,inetOrgPerson;person;organizationalPerson;posixAccount;top,vladime,/home/vladime,Content Management Consulting,Vladimir,Egorov,Vladimir Egorov,Vladimir Egorov,vladime@contoso.com,cn=Stan Orme,(212) 555-9441,Content Management Consultant
cn=Esther Valle,inetOrgPerson;person;organizationalPerson;posixAccount;top,estherv,/home/estherv,Content Management Consulting,Esther,Valle,Esther Valle,Esther Valle,estherv@contoso.com,cn=Stan Orme,(20) 5555-8548,Content Management Consultant
cn=Lori Kane,inetOrgPerson;person;organizationalPerson;posixAccount;top,lorik,/home/lorik,Strategy Consulting,Lori,Kane,Lori Kane,Lori Kane,lorik@contoso.com,cn=Brad Sutton,(206) 555-5292,Strategy Consultant
cn=Cliff Diddier,inetOrgPerson;person;organizationalPerson;posixAccount;top,cliffd,/home/cliffd,Engineering Operations,Cliff,Diddier,Cliff Diddier,Cliff Diddier,cliffd@contoso.com,cn=Carol Troup,(206) 555-3748,Engineer
cn=Chen Yang,inetOrgPerson;person;organizationalPerson;posixAccount;top,cheny,/home/cheny,Engineering Operations,Chen,Yang,Chen Yang,Chen Yang,cheny@contoso.com,cn=Carol Troup,(206) 555-6173,Engineer
cn=Bernard Tham,inetOrgPerson;person;organizationalPerson;posixAccount;top,bernart,/home/bernart,Engineering Operations,Bernard,Tham,Bernard Tham,Bernard Tham,bernart@contoso.com,cn=Carol Troup,(206) 555-3119,Engineer
cn=Ari Suominen,inetOrgPerson;person;organizationalPerson;posixAccount;top,aris,/home/aris,Engineering Operations,Ari,Suominen,Ari Suominen,Ari Suominen,aris@contoso.com,cn=Carol Troup,(206) 555-7231,Engineer
cn=Anu Deshpande,inetOrgPerson;person;organizationalPerson;posixAccount;top,anud,/home/anud,Creative,Anu,Deshpande,Anu Deshpande,Anu Deshpande,anud@contoso.com,cn=Carol Troup,(206) 555-6699,Engineer
cn=Allan Guinot,inetOrgPerson;person;organizationalPerson;posixAccount;top,allang,/home/allang,Engineering Operations,Allan,Guinot,Allan Guinot,Allan Guinot,allang@contoso.com,cn=Carol Troup,(206) 555-6127,Engineer
cn=Toby Nixon,inetOrgPerson;person;organizationalPerson;posixAccount;top,tobyn,/home/tobyn,CRM Strategy,Toby,Nixon,Toby Nixon,Toby Nixon,tobyn@contoso.com,cn=Syed Abbas,(20) 5555-4379,CRM Consultant
cn=Tad Orman,inetOrgPerson;person;organizationalPerson;posixAccount;top,tado,/home/tado,CRM Strategy,Tad,Orman,Tad Orman,Tad Orman,tado@contoso.com,cn=Syed Abbas,(20) 5555-4625,CRM Consultant
cn=Jeff Williams,inetOrgPerson;person;organizationalPerson;posixAccount;top,jeffw,/home/jeffw,CRM Strategy,Jeff,Williams,Jeff Williams,Jeff Williams,jeffw@contoso.com,cn=Syed Abbas,(20) 5555-2592,CRM Consultant
cn=Frank Miller,inetOrgPerson;person;organizationalPerson;posixAccount;top,frankm,/home/frankm,Strategy Consulting,Frank,Miller,Frank Miller,Frank Miller,frankm@contoso.com,cn=David Maman,(212) 555-5231,Strategy Consultant
cn=William Vong,inetOrgPerson;person;organizationalPerson;posixAccount;top,williav,/home/williav,Strategy Consulting,William,Vong,William Vong,William Vong,williav@contoso.com,cn=Cesar Garcia,(212) 555-5864,Strategy Consultant
cn=Sameer Tejani,inetOrgPerson;person;organizationalPerson;posixAccount;top,sameert,/home/sameert,Strategy Consulting,Sameer,Tejani,Sameer Tejani,Sameer Tejani,sameert@contoso.com,cn=Ellen Adams,(212) 555-5422,Strategy Consultant
cn=Jon Jaffe,inetOrgPerson;person;organizationalPerson;posixAccount;top,jonj,/home/jonj,Strategy Consulting,Jon,Jaffe,Jon Jaffe,Jon Jaffe,jonj@contoso.com,cn=Brad Sutton,(206) 555-5499,Strategy Consultant
cn=Mike Ray,inetOrgPerson;person;organizationalPerson;posixAccount;top,miker,/home/miker,Strategy Consulting,Mike,Ray,Mike Ray,Mike Ray,miker@contoso.com,cn=David Maman,(212) 555-1665,Strategy Consultant
cn=Robert O'Hara,inetOrgPerson;person;organizationalPerson;posixAccount;top,roberto,/home/roberto,Content Management Consulting,Robert,O'Hara,Robert O'Hara,Robert O'Hara,roberto@contoso.com,cn=Stan Orme,(206) 555-3434,Content Management Consultant
cn=Lisa Miller,inetOrgPerson;person;organizationalPerson;posixAccount;top,lisam,/home/lisam,Strategy Consulting,Lisa,Miller,Lisa Miller,Lisa Miller,lisam@contoso.com,cn=Cesar Garcia,(206) 555-7947,Strategy Consultant
cn=Jason Carlson,inetOrgPerson;person;organizationalPerson;posixAccount;top,jasonc,/home/jasonc,CRM Strategy,Jason,Carlson,Jason Carlson,Jason Carlson,jasonc@contoso.com,cn=Syed Abbas,(20) 5555-6548,CRM Consultant
cn=Jim Corbin,inetOrgPerson;person;organizationalPerson;posixAccount;top,jimc,/home/jimc,Strategy Consulting,Jim,Corbin,Jim Corbin,Jim Corbin,jimc@contoso.com,cn=David Maman,(206) 555-8157,Strategy Consultant
cn=Jesus Escolar,inetOrgPerson;person;organizationalPerson;posixAccount;top,jesuse,/home/jesuse,Strategy Consulting,Jesus,Escolar,Jesus Escolar,Jesus Escolar,jesuse@contoso.com,cn=Aaron Painter,(206) 555-5784,Strategy Consultant
cn=Idan Rubin,inetOrgPerson;person;organizationalPerson;posixAccount;top,idanr,/home/idanr,Strategy Consulting,Idan,Rubin,Idan Rubin,Idan Rubin,idanr@contoso.com,cn=Brad Sutton,(206) 555-5862,Strategy Consultant
cn=Don Hall,inetOrgPerson;person;organizationalPerson;posixAccount;top,donh,/home/donh,Strategy Consulting,Don,Hall,Don Hall,Don Hall,donh@contoso.com,cn=Ellen Adams,(206) 555-3518,Strategy Consultant
cn=Blaine Dockter,inetOrgPerson;person;organizationalPerson;posixAccount;top,blained,/home/blained,Strategy Consulting,Blaine,Dockter,Blaine Dockter,Blaine Dockter,blained@contoso.com,cn=Ellen Adams,(206) 555-4484,Strategy Consultant
cn=Anne Weiler,inetOrgPerson;person;organizationalPerson;posixAccount;top,annew,/home/annew,Strategy Consulting,Anne,Weiler,Anne Weiler,Anne Weiler,annew@contoso.com,cn=Cesar Garcia,(206) 555-6443,Strategy Consultant
cn=Allison Brown,inetOrgPerson;person;organizationalPerson;posixAccount;top,allisob,/home/allisob,Strategy Consulting,Allison,Brown,Allison Brown,Allison Brown,allisob@contoso.com,cn=Aaron Painter,(206) 555-5461,Strategy Consultant
cn=Valery Ushakov,inetOrgPerson;person;organizationalPerson;posixAccount;top,valeryu,/home/valeryu,Engineering Operations,Valery,Ushakov,Valery Ushakov,Valery Ushakov,valeryu@contoso.com,cn=Carol Troup,(206) 555-3599,Engineer
cn=Tosh Meston,inetOrgPerson;person;organizationalPerson;posixAccount;top,toshm,/home/toshm,CRM Strategy,Tosh,Meston,Tosh Meston,Tosh Meston,toshm@contoso.com,cn=Syed Abbas,(20) 5555-1394,CRM Consultant
cn=Sanjay Patel,inetOrgPerson;person;organizationalPerson;posixAccount;top,sanjayp,/home/sanjayp,Content Management Consulting,Sanjay,Patel,Sanjay Patel,Sanjay Patel,sanjayp@contoso.com,cn=Stan Orme,(206) 555-5542,Content Management Consultant
cn=Roland Wacker,inetOrgPerson;person;organizationalPerson;posixAccount;top,rolandw,/home/rolandw,Strategy Consulting,Roland,Wacker,Roland Wacker,Roland Wacker,rolandw@contoso.com,cn=Aaron Painter,(212) 555-8236,Strategy Consultant
cn=David Derwin,inetOrgPerson;person;organizationalPerson;posixAccount;top,davidd,/home/davidd,1099 Contractor,David,Derwin,David Derwin,David Derwin,davidd@contoso.com,cn=Brian Groth,(206) 555-7749,Project Manager
cn=John Yokum,inetOrgPerson;person;organizationalPerson;posixAccount;top,johny,/home/johny,Strategy Consulting,John,Yokum,John Yokum,John Yokum,johny@contoso.com,cn=Ellen Adams,(206) 555-8147,Strategy Consultant
cn=Scott Rockfield,inetOrgPerson;person;organizationalPerson;posixAccount;top,scottr,/home/scottr,1099 Contractor,Scott,Rockfield,Scott Rockfield,Scott Rockfield,scottr@contoso.com,cn=Brian Groth,(206) 555-5233,Project Manager
cn=Humberto Acevedo,inetOrgPerson;person;organizationalPerson;posixAccount;top,humbera,/home/humbera,1099 Contractor,Humberto,Acevedo,Humberto Acevedo,Humberto Acevedo,humbera@contoso.com,cn=Brian Groth,(206) 555-9549,Project Manager
cn=David So,inetOrgPerson;person;organizationalPerson;posixAccount;top,davids1,/home/davids1,1099 Contractor,David,So,David So,David So,davids1@contoso.com,cn=Brian Groth,(206) 555-1459,Project Manager
cn=Anders Madsen,inetOrgPerson;person;organizationalPerson;posixAccount;top,andersm,/home/andersm,1099 Contractor,Anders,Madsen,Anders Madsen,Anders Madsen,andersm@contoso.com,cn=Brian Groth,(206) 555-7593,Project Manager
cn=Alexandre Silva,inetOrgPerson;person;organizationalPerson;posixAccount;top,alexans,/home/alexans,1099 Contractor,Alexandre,Silva,Alexandre Silva,Alexandre Silva,alexans@contoso.com,cn=Brian Groth,(206) 555-5413,Project Manager
cn=Stuart Munson,inetOrgPerson;person;organizationalPerson;posixAccount;top,stuartm,/home/stuartm,1099 Contractor,Stuart,Munson,Stuart Munson,Stuart Munson,stuartm@contoso.com,cn=Brian Groth,(206) 555-9366,Project Manager
cn=Qiong Wu,inetOrgPerson;person;organizationalPerson;posixAccount;top,qiongw,/home/qiongw,1099 Contractor,Qiong,Wu,Qiong Wu,Qiong Wu,qiongw@contoso.com,cn=Brian Groth,(206) 555-2342,Project Manager
cn=Michiko Osada,inetOrgPerson;person;organizationalPerson;posixAccount;top,michiko,/home/michiko,1099 Contractor,Michiko,Osada,Michiko Osada,Michiko Osada,michiko@contoso.com,cn=Brian Groth,(206) 555-1577,Project Manager
cn=Michael Zeman,inetOrgPerson;person;organizationalPerson;posixAccount;top,michaez,/home/michaez,1099 Contractor,Michael,Zeman,Michael Zeman,Michael Zeman,michaez@contoso.com,cn=Brian Groth,(206) 555-7177,Project Manager
cn=Maurice Taylor,inetOrgPerson;person;organizationalPerson;posixAccount;top,maurict,/home/maurict,1099 Contractor,Maurice,Taylor,Maurice Taylor,Maurice Taylor,maurict@contoso.com,cn=Brian Groth,(206) 555-3382,Project Manager
cn=Guido Pica,inetOrgPerson;person;organizationalPerson;posixAccount;top,guidop,/home/guidop,1099 Contractor,Guido,Pica,Guido Pica,Guido Pica,guidop@contoso.com,cn=Brian Groth,(206) 555-4724,Project Manager
cn=Jessica Arnold,inetOrgPerson;person;organizationalPerson;posixAccount;top,jessica,/home/jessica,1099 Contractor,Jessica,Arnold,Jessica Arnold,Jessica Arnold,jessica@contoso.com,cn=Brian Groth,(206) 555-3415,Project Manager
cn=Chase Carpenter,inetOrgPerson;person;organizationalPerson;posixAccount;top,chasec,/home/chasec,Accounting,Chase,Carpenter,Chase Carpenter,Chase Carpenter,chasec@contoso.com,cn=Karim Manar,(206) 555-9764,Accountant
cn=Terrence Phillip,inetOrgPerson;person;organizationalPerson;posixAccount;top,terrenp,/home/terrenp,1099 Contractor,Terrence,Phillip,Terrence Phillip,Terrence Phillip,terrenp@contoso.com,cn=Jenni Merrifield,(206) 555-1678,Strategy Consultant
cn=Hugo Garcia,inetOrgPerson;person;organizationalPerson;posixAccount;top,hugog,/home/hugog,1099 Contractor,Hugo,Garcia,Hugo Garcia,Hugo Garcia,hugog@contoso.com,cn=Jenni Merrifield,(206) 555-6852,Strategy Consultant
cn=Jeremy Los,inetOrgPerson;person;organizationalPerson;posixAccount;top,jeremyl,/home/jeremyl,1099 Contractor,Jeremy,Los,Jeremy Los,Jeremy Los,jeremyl@contoso.com,cn=Jenni Merrifield,(206) 555-8792,Strategy Consultant
cn=John Ganio,inetOrgPerson;person;organizationalPerson;posixAccount;top,johng,/home/johng,1099 Contractor,John,Ganio,John Ganio,John Ganio,johng@contoso.com,cn=Jenni Merrifield,(206) 555-6235,Strategy Consultant
cn=Lina Abola,inetOrgPerson;person;organizationalPerson;posixAccount;top,linaa,/home/linaa,1099 Contractor,Lina,Abola,Lina Abola,Lina Abola,linaa@contoso.com,cn=Jenni Merrifield,(206) 555-4666,Strategy Consultant
cn=Mark Hanson,inetOrgPerson;person;organizationalPerson;posixAccount;top,markh,/home/markh,1099 Contractor,Mark,Hanson,Mark Hanson,Mark Hanson,markh@contoso.com,cn=Jenni Merrifield,(206) 555-7794,Strategy Consultant
cn=Jaka Stele,inetOrgPerson;person;organizationalPerson;posixAccount;top,jakas,/home/jakas,1099 Contractor,Jaka,Stele,Jaka Stele,Jaka Stele,jakas@contoso.com,cn=Brian Groth,(206) 555-6963,Project Manager
cn=Steven Wright,inetOrgPerson;person;organizationalPerson;posixAccount;top,stevenw,/home/stevenw,1099 Contractor,Steven,Wright,Steven Wright,Steven Wright,stevenw@contoso.com,cn=Jenni Merrifield,(206) 555-3155,Strategy Consultant
cn=Dough Mahugh,inetOrgPerson;person;organizationalPerson;posixAccount;top,doughm,/home/doughm,1099 Contractor,Dough,Mahugh,Dough Mahugh,Dough Mahugh,doughm@contoso.com,cn=Brian Groth,(206) 555-7139,Project Manager
cn=Andrea Dunker,inetOrgPerson;person;organizationalPerson;posixAccount;top,andread,/home/andread,1099 Contractor,Andrea,Dunker,Andrea Dunker,Andrea Dunker,andread@contoso.com,cn=Brian Groth,(206) 555-1413,Project Manager
cn=Carlos Grilo,inetOrgPerson;person;organizationalPerson;posixAccount;top,carlosg,/home/carlosg,1099 Contractor,Carlos,Grilo,Carlos Grilo,Carlos Grilo,carlosg@contoso.com,cn=Brian Groth,(206) 555-4536,Project Manager
cn=Chris McGurk,inetOrgPerson;person;organizationalPerson;posixAccount;top,chrism,/home/chrism,1099 Contractor,Chris,McGurk,Chris McGurk,Chris McGurk,chrism@contoso.com,cn=Brian Groth,(206) 555-1833,Project Manager
cn=Dan Bacon,inetOrgPerson;person;organizationalPerson;posixAccount;top,danb,/home/danb,1099 Contractor,Dan,Bacon,Dan Bacon,Dan Bacon,danb@contoso.com,cn=Brian Groth,(206) 555-2464,Project Manager
cn=Daniel Durrer,inetOrgPerson;person;organizationalPerson;posixAccount;top,danield,/home/danield,1099 Contractor,Daniel,Durrer,Daniel Durrer,Daniel Durrer,danield@contoso.com,cn=Brian Groth,(206) 555-8793,Project Manager
cn=James Wittrell,inetOrgPerson;person;organizationalPerson;posixAccount;top,jamesw,/home/jamesw,Accounting,James,Wittrell,James Wittrell,James Wittrell,jamesw@contoso.com,cn=Karim Manar,(415) 555-2597,Accountant
cn=Scott MacDonald,inetOrgPerson;person;organizationalPerson;posixAccount;top,scottm,/home/scottm,1099 Contractor,Scott,MacDonald,Scott MacDonald,Scott MacDonald,scottm@contoso.com,cn=Jenni Merrifield,(206) 555-8452,Strategy Consultant
cn=Renee Lo,inetOrgPerson;person;organizationalPerson;posixAccount;top,reneel,/home/reneel,Strategy Consulting,Renee,Lo,Renee Lo,Renee Lo,reneel@contoso.com,cn=Aaron Painter,(206) 555-6864,Strategy Consultant
cn=Cari Drummelle,inetOrgPerson;person;organizationalPerson;posixAccount;top,carid,/home/carid,Content Management Consulting,Cari,Drummelle,Cari Drummelle,Cari Drummelle,carid@contoso.com,cn=Stan Orme,(212) 555-3889,Content Management Consultant
cn=Alfons Parovszky,inetOrgPerson;person;organizationalPerson;posixAccount;top,alfonsp,/home/alfonsp,Content Management Consulting,Alfons,Parovszky,Alfons Parovszky,Alfons Parovszky,alfonsp@contoso.com,cn=Stan Orme,(206) 555-1659,Content Management Consultant
cn=Matt Hink,inetOrgPerson;person;organizationalPerson;posixAccount;top,matth,/home/matth,Content Management Consulting,Matt,Hink,Matt Hink,Matt Hink,matth@contoso.com,cn=Stan Orme,(206) 555-4157,Content Management Consultant
cn=Lorraine Nay,inetOrgPerson;person;organizationalPerson;posixAccount;top,lorrain,/home/lorrain,CRM Strategy,Lorraine,Nay,Lorraine Nay,Lorraine Nay,lorrain@contoso.com,cn=Syed Abbas,(20) 5555-8569,CRM Consultant
cn=Iben Thorell,inetOrgPerson;person;organizationalPerson;posixAccount;top,ibent,/home/ibent,Strategy Consulting,Iben,Thorell,Iben Thorell,Iben Thorell,ibent@contoso.com,cn=Brad Sutton,(206) 555-7167,Strategy Consultant
cn=Magnus Hedlund,inetOrgPerson;person;organizationalPerson;posixAccount;top,magnush,/home/magnush,Content Management Consulting,Magnus,Hedlund,Magnus Hedlund,Magnus Hedlund,magnush@contoso.com,cn=Stan Orme,(206) 555-7213,Business Process Manager
cn=Erik Andersen,inetOrgPerson;person;organizationalPerson;posixAccount;top,erica,/home/erica,Content Management Consulting,Erik,Andersen,Erik Andersen,Erik Andersen,erica@contoso.com,cn=Stan Orme,(206) 555-6448,Content Management Consultant
cn=Corinna Bolender,inetOrgPerson;person;organizationalPerson;posixAccount;top,corinnb,/home/corinnb,Engineering Operations,Corinna,Bolender,Corinna Bolender,Corinna Bolender,corinnb@contoso.com,cn=Carol Troup,(206) 555-9821,Engineer
cn=Trey Pratt,inetOrgPerson;person;organizationalPerson;posixAccount;top,treyp,/home/treyp,Strategy Consulting,Trey,Pratt,Trey Pratt,Trey Pratt,treyp@contoso.com,cn=Cesar Garcia,(206) 555-2297,Strategy Consultant
cn=John Kane,inetOrgPerson;person;organizationalPerson;posixAccount;top,johnk,/home/johnk,Sales,John,Kane,John Kane,John Kane,johnk@contoso.com,cn=Jose Saraiva,(214) 555-8332,Salesperson
cn=Parna Khot,inetOrgPerson;person;organizationalPerson;posixAccount;top,parnak,/home/parnak,Strategy Consulting,Parna,Khot,Parna Khot,Parna Khot,parnak@contoso.com,cn=Aaron Painter,(206) 555-8454,Strategy Consultant
cn=Kim Ralls,inetOrgPerson;person;organizationalPerson;posixAccount;top,kimr,/home/kimr,Strategy Consulting,Kim,Ralls,Kim Ralls,Kim Ralls,kimr@contoso.com,cn=David Maman,(206) 555-1443,Strategy Consultant
cn=Jan Kotas,inetOrgPerson;person;organizationalPerson;posixAccount;top,jank,/home/jank,Strategy Consulting,Jan,Kotas,Jan Kotas,Jan Kotas,jank@contoso.com,cn=Brad Sutton,(206) 555-4747,Strategy Consultant
cn=Thomas Hamborg,inetOrgPerson;person;organizationalPerson;posixAccount;top,thomash,/home/thomash,1099 Contractor,Thomas,Hamborg,Thomas Hamborg,Thomas Hamborg,thomash@contoso.com,cn=Brian Groth,(206) 555-4112,Project Manager
cn=Lolan Song,inetOrgPerson;person;organizationalPerson;posixAccount;top,lolans,/home/lolans,Strategy Consulting,Lolan,Song,Lolan Song,Lolan Song,lolans@contoso.com,cn=David Maman,(206) 555-1913,Strategy Consultant
cn=Lars Hansson,inetOrgPerson;person;organizationalPerson;posixAccount;top,larsh,/home/larsh,Accounting,Lars,Hansson,Lars Hansson,Lars Hansson,larsh@contoso.com,cn=Karim Manar,(415) 555-7777,Accounting Manager
cn=Jill Frank,inetOrgPerson;person;organizationalPerson;posixAccount;top,jillf,/home/jillf,Accounting,Jill,Frank,Jill Frank,Jill Frank,jillf@contoso.com,cn=Karim Manar,(425) 555-9559,Accountant
cn=Joel Lachance,inetOrgPerson;person;organizationalPerson;posixAccount;top,joell,/home/joell,Accounting,Joel,Lachance,Joel Lachance,Joel Lachance,joell@contoso.com,cn=Karim Manar,(206) 555-6848,Accountant
cn=John John,inetOrgPerson;person;organizationalPerson;posixAccount;top,johne,/home/johne,Strategy Consulting,John,John,John John,John John,johne@contoso.com,cn=Aaron Painter,(206) 555-5846,Strategy Consultant
cn=Jun Cao,inetOrgPerson;person;organizationalPerson;posixAccount;top,junc,/home/junc,Strategy Consulting,Jun,Cao,Jun Cao,Jun Cao,junc@contoso.com,cn=Cesar Garcia,(206) 555-3449,Strategy Consultant
cn=Tony Wang,inetOrgPerson;person;organizationalPerson;posixAccount;top,tonyw,/home/tonyw,Strategy Consulting,Tony,Wang,Tony Wang,Tony Wang,tonyw@contoso.com,cn=Ellen Adams,(206) 555-4595,Strategy Consultant
cn=Kenneth Cools,inetOrgPerson;person;organizationalPerson;posixAccount;top,kennetc,/home/kennetc,Strategy Consulting,Kenneth,Cools,Kenneth Cools,Kenneth Cools,kennetc@contoso.com,cn=Brad Sutton,(206) 555-4886,Strategy Consultant
cn=Steve Masters,inetOrgPerson;person;organizationalPerson;posixAccount;top,stevem,/home/stevem,Strategy Consulting,Steve,Masters,Steve Masters,Steve Masters,stevem@contoso.com,cn=Cesar Garcia,(206) 555-4557,Strategy Consultant
cn=Lubor Kollar,inetOrgPerson;person;organizationalPerson;posixAccount;top,lubork,/home/lubork,Strategy Consulting,Lubor,Kollar,Lubor Kollar,Lubor Kollar,lubork@contoso.com,cn=Aaron Painter,(206) 555-8223,Strategy Consultant
cn=Michael Ludwig,inetOrgPerson;person;organizationalPerson;posixAccount;top,michael,/home/michael,Strategy Consulting,Michael,Ludwig,Michael Ludwig,Michael Ludwig,michael@contoso.com,cn=Cesar Garcia,(206) 555-6621,Strategy Consultant
cn=Michael Lund,inetOrgPerson;person;organizationalPerson;posixAccount;top,michal1,/home/michal1,Strategy Consulting,Michael,Lund,Michael Lund,Michael Lund,michal1@contoso.com,cn=Ellen Adams,(206) 555-4295,Strategy Consultant
cn=Michael Sullivan,inetOrgPerson;person;organizationalPerson;posixAccount;top,michaes,/home/michaes,Strategy Consulting,Michael,Sullivan,Michael Sullivan,Michael Sullivan,michaes@contoso.com,cn=Brad Sutton,(206) 555-8398,Strategy Consultant
cn=Ray Chow,inetOrgPerson;person;organizationalPerson;posixAccount;top,rayc,/home/rayc,Strategy Consulting,Ray,Chow,Ray Chow,Ray Chow,rayc@contoso.com,cn=David Maman,(206) 555-5295,Strategy Consultant
cn=Diane Glimp,inetOrgPerson;person;organizationalPerson;posixAccount;top,dianeg,/home/dianeg,Content Management Consulting,Diane,Glimp,Diane Glimp,Diane Glimp,dianeg@contoso.com,cn=Stan Orme,(212) 555-3984,Content Management Consultant
cn=Ken Malcolmson,inetOrgPerson;person;organizationalPerson;posixAccount;top,kenm,/home/kenm,Strategy Consulting,Ken,Malcolmson,Ken Malcolmson,Ken Malcolmson,kenm@contoso.com,cn=Ellen Adams,(206) 555-8879,Strategy Consultant
cn=Manueal Machado,inetOrgPerson;person;organizationalPerson;posixAccount;top,manueam,/home/manueam,Project Management,Manueal,Machado,Manueal Machado,Manueal Machado,manueam@contoso.com,cn=Barry Johnson,(206) 555-2246,Senior Project Manager
cn=Luca Dellamore,inetOrgPerson;person;organizationalPerson;posixAccount;top,lucad,/home/lucad,Sales,Luca,Dellamore,Luca Dellamore,Luca Dellamore,lucad@contoso.com,cn=April Stewart,(06) 5555-8461,Salesperson
cn=Ivo Salmre,inetOrgPerson;person;organizationalPerson;posixAccount;top,ivos,/home/ivos,Project Management,Ivo,Salmre,Ivo Salmre,Ivo Salmre,ivos@contoso.com,cn=Andrew Ma,(206) 555-2699,Project Manager
cn=Howard Gonzalez,inetOrgPerson;person;organizationalPerson;posixAccount;top,howardg,/home/howardg,Sales,Howard,Gonzalez,Howard Gonzalez,Howard Gonzalez,howardg@contoso.com,cn=Lene Aalling,(20) 5555-6851,Salesperson
cn=Elizabeth Andersen,inetOrgPerson;person;organizationalPerson;posixAccount;top,elizaba,/home/elizaba,Sales,Elizabeth,Andersen,Elizabeth Andersen,Elizabeth Andersen,elizaba@contoso.com,cn=Arthur Yasinski,(617) 555-7395,Salesperson
cn=Denis Dehenne,inetOrgPerson;person;organizationalPerson;posixAccount;top,denisd,/home/denisd,Project Management,Denis,Dehenne,Denis Dehenne,Denis Dehenne,denisd@contoso.com,cn=Barry Johnson,(206) 555-6492,Project Manager
cn=David Wright,inetOrgPerson;person;organizationalPerson;posixAccount;top,davidw,/home/davidw,Sales,David,Wright,David Wright,David Wright,davidw@contoso.com,cn=David Simpson,(404) 555-9264,Salesperson
cn=Chris Barry,inetOrgPerson;person;organizationalPerson;posixAccount;top,chrisb,/home/chrisb,Project Management,Chris,Barry,Chris Barry,Chris Barry,chrisb@contoso.com,cn=Mike Nash,(206) 555-9267,Project Manager
cn=Ayla Kol,inetOrgPerson;person;organizationalPerson;posixAccount;top,aylak,/home/aylak,Project Management,Ayla,Kol,Ayla Kol,Ayla Kol,aylak@contoso.com,cn=Scott Bishop,(206) 555-3448,Project Manager
cn=Alisa Lawyer,inetOrgPerson;person;organizationalPerson;posixAccount;top,alisal,/home/alisal,Project Management,Alisa,Lawyer,Alisa Lawyer,Alisa Lawyer,alisal@contoso.com,cn=Scott Bishop,(206) 555-4738,Project Manager
cn=Simon Rapier,inetOrgPerson;person;organizationalPerson;posixAccount;top,simonr,/home/simonr,Project Management,Simon,Rapier,Simon Rapier,Simon Rapier,simonr@contoso.com,cn=Scott Bishop,(206) 555-9848,Senior Project Manager
cn=Rob Barker,inetOrgPerson;person;organizationalPerson;posixAccount;top,robb,/home/robb,Project Management,Rob,Barker,Rob Barker,Rob Barker,robb@contoso.com,cn=Chris Norred,(206) 555-2474,Project Manager
cn=Hazem Abolrous,inetOrgPerson;person;organizationalPerson;posixAccount;top,hazema,/home/hazema,Sales,Hazem,Abolrous,Hazem Abolrous,Hazem Abolrous,hazema@contoso.com,cn=Lene Aalling,(707) 555-3823,Salesperson
cn=Ned Friend,inetOrgPerson;person;organizationalPerson;posixAccount;top,nedf,/home/nedf,Project Management,Ned,Friend,Ned Friend,Ned Friend,nedf@contoso.com,cn=Chris Norred,(206) 555-8382,Project Manager
cn=Richard Tupy,inetOrgPerson;person;organizationalPerson;posixAccount;top,richart,/home/richart,Project Management,Richard,Tupy,Richard Tupy,Richard Tupy,richart@contoso.com,cn=Andrew Ma,(206) 555-1694,Project Manager
cn=Don Funk,inetOrgPerson;person;organizationalPerson;posixAccount;top,donf,/home/donf,Project Management,Don,Funk,Don Funk,Don Funk,donf@contoso.com,cn=Chris Norred,(206) 555-6561,Project Manager
cn=Dave Natsuhara,inetOrgPerson;person;organizationalPerson;posixAccount;top,daven,/home/daven,Project Management,Dave,Natsuhara,Dave Natsuhara,Dave Natsuhara,daven@contoso.com,cn=Chris Norred,(206) 555-9299,Project Manager
cn=Christian Rytt,inetOrgPerson;person;organizationalPerson;posixAccount;top,christr,/home/christr,Project Management,Christian,Rytt,Christian Rytt,Christian Rytt,christr@contoso.com,cn=Chris Norred,(206) 555-5488,Project Manager
cn=Ted Bremer,inetOrgPerson;person;organizationalPerson;posixAccount;top,tedb,/home/tedb,Project Management,Ted,Bremer,Ted Bremer,Ted Bremer,tedb@contoso.com,cn=Chris Norred,(206) 555-3874,Business Process Manager
cn=Sean Purcell,inetOrgPerson;person;organizationalPerson;posixAccount;top,seanp,/home/seanp,Project Management,Sean,Purcell,Sean Purcell,Sean Purcell,seanp@contoso.com,cn=Chris Norred,(206) 555-6953,Business Process Manager
cn=Ray Mohrman,inetOrgPerson;person;organizationalPerson;posixAccount;top,raym,/home/raym,Project Management,Ray,Mohrman,Ray Mohrman,Ray Mohrman,raym@contoso.com,cn=Barry Johnson,(206) 555-1471,Senior Project Manager
cn=Mike Tiano,inetOrgPerson;person;organizationalPerson;posixAccount;top,miket,/home/miket,Project Management,Mike,Tiano,Mike Tiano,Mike Tiano,miket@contoso.com,cn=Chris Norred,(206) 555-6552,Business Process Manager
cn=Margaret Au,inetOrgPerson;person;organizationalPerson;posixAccount;top,margara,/home/margara,Project Management,Margaret,Au,Margaret Au,Margaret Au,margara@contoso.com,cn=Chris Norred,(206) 555-2918,Business Process Manager
cn=Jesper Aaberg,inetOrgPerson;person;organizationalPerson;posixAccount;top,jespera,/home/jespera,Project Management,Jesper,Aaberg,Jesper Aaberg,Jesper Aaberg,jespera@contoso.com,cn=Chris Norred,(206) 555-1783,Project Manager
cn=Danni Ortman,inetOrgPerson;person;organizationalPerson;posixAccount;top,dannio,/home/dannio,Project Management,Danni,Ortman,Danni Ortman,Danni Ortman,dannio@contoso.com,cn=Andrew Ma,(206) 555-6667,Senior Project Manager
cn=Andy Jacobs,inetOrgPerson;person;organizationalPerson;posixAccount;top,andyj,/home/andyj,Project Management,Andy,Jacobs,Andy Jacobs,Andy Jacobs,andyj@contoso.com,cn=Scott Bishop,(206) 555-4262,Senior Project Manager
cn=Mchiel Wories,inetOrgPerson;person;organizationalPerson;posixAccount;top,mchielw,/home/mchielw,Operations,Mchiel,Wories,Mchiel Wories,Mchiel Wories,mchielw@contoso.com,cn=Keith Dishmo,(206) 555-4539,Procurement Manager
cn=Nuria Gonzalez,inetOrgPerson;person;organizationalPerson;posixAccount;top,nuriag,/home/nuriag,Project Management,Nuria,Gonzalez,Nuria Gonzalez,Nuria Gonzalez,nuriag@contoso.com,cn=Mike Nash,(206) 555-8185,Senior Project Manager
cn=Ty Carlson,inetOrgPerson;person;organizationalPerson;posixAccount;top,tyc,/home/tyc,Sales Engagement Management,Ty,Carlson,Ty Carlson,Ty Carlson,tyc@contoso.com,cn=Lene Aalling,(701) 555-4446,Salesperson
cn=Cassie Hicks,inetOrgPerson;person;organizationalPerson;posixAccount;top,cassieh,/home/cassieh,Senior Management,Cassie,Hicks,Cassie Hicks,Cassie Hicks,cassieh@contoso.com,cn=Adam Barr,(425) 555-0129,Director of Client Services
cn=Sean Chai,inetOrgPerson;person;organizationalPerson;posixAccount;top,seanc,/home/seanc,Senior Management,Sean,Chai,Sean Chai,Sean Chai,seanc@contoso.com,cn=Molly Clark,(425) 555-0193,Director of Affiliate Marketing and Partnerships
cn=Todd Rowe,inetOrgPerson;person;organizationalPerson;posixAccount;top,toddr,/home/toddr,Senior Management,Todd,Rowe,Todd Rowe,Todd Rowe,toddr@contoso.com,cn=Diane Prescott,(425) 555-0124,Sr. Media Planner
cn=Tai Lee,inetOrgPerson;person;organizationalPerson;posixAccount;top,tail,/home/tail,CVP of IT,Tai,Lee,Tai Lee,Tai Lee,tail@contoso.com,cn=Jeff Hay,(425) 555-0131,President of Services
cn=Greg Winston,inetOrgPerson;person;organizationalPerson;posixAccount;top,gregw,/home/gregw,Senior Management,Greg,Winston,Greg Winston,Greg Winston,gregw@contoso.com,cn=Jeff Hay,(425) 555-0140,President of Management
cn=Sanjay Shah,inetOrgPerson;person;organizationalPerson;posixAccount;top,sanjays,/home/sanjays,Executive,Sanjay,Shah,Sanjay Shah,Sanjay Shah,sanjays@contoso.com,cn=Dan Jump,(425) 555-0107,Chief of Technical Strategy
cn=Toni Poe,inetOrgPerson;person;organizationalPerson;posixAccount;top,tonip,/home/tonip,Executive,Toni,Poe,Toni Poe,Toni Poe,tonip@contoso.com,cn=Dan Jump,(425) 555-0196,Chief of Partnerships and Strategy
cn=Jim Daly,inetOrgPerson;person;organizationalPerson;posixAccount;top,jimd,/home/jimd,Executive,Jim,Daly,Jim Daly,Jim Daly,jimd@contoso.com,cn=Dan Jump,(425) 555-0116,CFO
cn=Tom Youtsey,inetOrgPerson;person;organizationalPerson;posixAccount;top,tomy,/home/tomy,Sales Engagement Management,Tom,Youtsey,Tom Youtsey,Tom Youtsey,tomy@contoso.com,cn=David Simpson,(206) 555-4331,Salesperson
cn=Kerim Hanif,inetOrgPerson;person;organizationalPerson;posixAccount;top,kerimh,/home/kerimh,Sales Engagement Management,Kerim,Hanif,Kerim Hanif,Kerim Hanif,kerimh@contoso.com,cn=David Simpson,(206) 555-5661,Salesperson
cn=Jamie Reding,inetOrgPerson;person;organizationalPerson;posixAccount;top,jamier,/home/jamier,Sales Engagement Management,Jamie,Reding,Jamie Reding,Jamie Reding,jamier@contoso.com,cn=David Simpson,(206) 555-2363,Salesperson
cn=Ye Xu,inetOrgPerson;person;organizationalPerson;posixAccount;top,yex,/home/yex,Sales Engagement Management,Ye,Xu,Ye Xu,Ye Xu,yex@contoso.com,cn=Arthur Yasinski,(214) 555-7757,Salesperson
cn=Marko Zajc,inetOrgPerson;person;organizationalPerson;posixAccount;top,markoz,/home/markoz,Sales,Marko,Zajc,Marko Zajc,Marko Zajc,markoz@contoso.com,cn=April Stewart,(09) 5555-3784,Salesperson
cn=Fabrice Canel,inetOrgPerson;person;organizationalPerson;posixAccount;top,fabricc,/home/fabricc,Sales Engagement Management,Fabrice,Canel,Fabrice Canel,Fabrice Canel,fabricc@contoso.com,cn=Arthur Yasinski,(214) 555-8815,Salesperson
cn=Pavel Simsa,inetOrgPerson;person;organizationalPerson;posixAccount;top,pavels,/home/pavels,Sales,Pavel,Simsa,Pavel Simsa,Pavel Simsa,pavels@contoso.com,cn=David Simpson,(06) 5555-1284,Salesperson
cn=Vernette Price,inetOrgPerson;person;organizationalPerson;posixAccount;top,vernettp,/home/vernettp,Sales Engagement Management,Vernette,Price,Vernette Price,Vernette Price,vernettp@contoso.com,cn=Lene Aalling,(701) 555-6828,Salesperson
cn=Nate Sun,inetOrgPerson;person;organizationalPerson;posixAccount;top,nates,/home/nates,Sales Engagement Management,Nate,Sun,Nate Sun,Nate Sun,nates@contoso.com,cn=Lene Aalling,(701) 555-7818,Salesperson
cn=Tina Makovec,inetOrgPerson;person;organizationalPerson;posixAccount;top,tinam,/home/tinam,Sales Engagement Management,Tina,Makovec,Tina Makovec,Tina Makovec,tinam@contoso.com,cn=April Stewart,(804) 555-2465,Salesperson
cn=Neil Orint,inetOrgPerson;person;organizationalPerson;posixAccount;top,neilo,/home/neilo,Sales Engagement Management,Neil,Orint,Neil Orint,Neil Orint,neilo@contoso.com,cn=April Stewart,(804) 555-5958,Salesperson
cn=Luka Abrus,inetOrgPerson;person;organizationalPerson;posixAccount;top,lukaa,/home/lukaa,Sales Engagement Management,Luka,Abrus,Luka Abrus,Luka Abrus,lukaa@contoso.com,cn=April Stewart,(804) 555-3648,Salesperson
cn=Euan Garden,inetOrgPerson;person;organizationalPerson;posixAccount;top,euang,/home/euang,Sales Engagement Management,Euan,Garden,Euan Garden,Euan Garden,euang@contoso.com,cn=April Stewart,(804) 555-3383,Salesperson
cn=Eran Harel,inetOrgPerson;person;organizationalPerson;posixAccount;top,eranh,/home/eranh,Sales,Eran,Harel,Eran Harel,Eran Harel,eranh@contoso.com,cn=Jose Saraiva,(213) 555-1265,Salesperson
cn=Michael Ovesen,inetOrgPerson;person;organizationalPerson;posixAccount;top,michaeo,/home/michaeo,Sales,Michael,Ovesen,Michael Ovesen,Michael Ovesen,michaeo@contoso.com,cn=Jose Saraiva,(201) 555-5625,Salesperson
cn=Kim Abercrombie,inetOrgPerson;person;organizationalPerson;posixAccount;top,kima,/home/kima,Sales,Kim,Abercrombie,Kim Abercrombie,Kim Abercrombie,kima@contoso.com,cn=Jose Saraiva,(410) 555-3839,Salesperson
cn=Rob Young,inetOrgPerson;person;organizationalPerson;posixAccount;top,roby,/home/roby,Operations,Rob,Young,Rob Young,Rob Young,roby@contoso.com,cn=Arturo Lopez,(206) 555-1739,IT Manager
cn=Terry Earls,inetOrgPerson;person;organizationalPerson;posixAccount;top,terrye,/home/terrye,Project Management,Terry,Earls,Terry Earls,Terry Earls,terrye@contoso.com,cn=Mike Nash,(206) 555-3164,Project Manager
cn=Michael Mainer,inetOrgPerson;person;organizationalPerson;posixAccount;top,michaem,/home/michaem,Operations,Michael,Mainer,Michael Mainer,Michael Mainer,michaem@contoso.com,cn=Erika Cheley,(206) 555-4542,Manager
cn=Sven Buck,inetOrgPerson;person;organizationalPerson;posixAccount;top,svenb,/home/svenb,Sales Engagement Management,Sven,Buck,Sven Buck,Sven Buck,svenb@contoso.com,cn=Arthur Yasinski,(214) 555-4151,Salesperson
cn=Eric Gruber,inetOrgPerson;person;organizationalPerson;posixAccount;top,ericg,/home/ericg,Sales,Eric,Gruber,Eric Gruber,Eric Gruber,ericg@contoso.com,cn=Lene Aalling,(206) 555-4629,Salesperson
cn=Jelle Visser,inetOrgPerson;person;organizationalPerson;posixAccount;top,jellev,/home/jellev,Operations,Jelle,Visser,Jelle Visser,Jelle Visser,jellev@contoso.com,cn=Keith Dishmo,(206) 555-4932,Procurement Manager
cn=Erik Gubbels,inetOrgPerson;person;organizationalPerson;posixAccount;top,erikg,/home/erikg,Sales,Erik,Gubbels,Erik Gubbels,Erik Gubbels,erikg@contoso.com,cn=April Stewart,(425) 555-9296,Salesperson
cn=Dominik Paiha,inetOrgPerson;person;organizationalPerson;posixAccount;top,dominip,/home/dominip,Sales,Dominik,Paiha,Dominik Paiha,Dominik Paiha,dominip@contoso.com,cn=Jose Saraiva,(212) 555-2538,Salesperson
cn=Dan Hough,inetOrgPerson;person;organizationalPerson;posixAccount;top,danh,/home/danh,Sales,Dan,Hough,Dan Hough,Dan Hough,danh@contoso.com,cn=Arthur Yasinski,(607) 555-4568,Salesperson
cn=Tina Lassila,inetOrgPerson;person;organizationalPerson;posixAccount;top,tinal,/home/tinal,Sales,Tina,Lassila,Tina Lassila,Tina Lassila,tinal@contoso.com,cn=Arthur Yasinski,(607) 555-6337,Salesperson
cn=Nuno Farinha,inetOrgPerson;person;organizationalPerson;posixAccount;top,nunof,/home/nunof,Sales,Nuno,Farinha,Nuno Farinha,Nuno Farinha,nunof@contoso.com,cn=David Simpson,(214) 555-1812,Salesperson
cn=Maru Subrmani,inetOrgPerson;person;organizationalPerson;posixAccount;top,marus,/home/marus,Sales,Maru,Subrmani,Maru Subrmani,Maru Subrmani,marus@contoso.com,cn=April Stewart,(850) 555-5277,Salesperson
cn=Marc Faerber,inetOrgPerson;person;organizationalPerson;posixAccount;top,marcf,/home/marcf,Sales,Marc,Faerber,Marc Faerber,Marc Faerber,marcf@contoso.com,cn=David Simpson,(213) 555-3269,Salesperson
cn=Kari Furse,inetOrgPerson;person;organizationalPerson;posixAccount;top,karif,/home/karif,Sales,Kari,Furse,Kari Furse,Kari Furse,karif@contoso.com,cn=Jose Saraiva,(541) 555-2668,Salesperson
cn=Karen Berg,inetOrgPerson;person;organizationalPerson;posixAccount;top,karenb,/home/karenb,Senior Management,Karen,Berg,Karen Berg,Karen Berg,karenb@contoso.com,cn=Julian Isla,(425) 555-0174,Sr. Account Manager
cn=Ian Tien,inetOrgPerson;person;organizationalPerson;posixAccount;top,iant,/home/iant,Human Resources,Ian,Tien,Ian Tien,Ian Tien,iant@contoso.com,cn=Amy Alberts,(206) 555-1437,HR Specialist
cn=Scott Gode,inetOrgPerson;person;organizationalPerson;posixAccount;top,scottg,/home/scottg,Sales,Scott,Gode,Scott Gode,Scott Gode,scottg@contoso.com,cn=David Simpson,(201) 555-8474,Salesperson
cn=Gina Boyer,inetOrgPerson;person;organizationalPerson;posixAccount;top,ginab,/home/ginab,Sales,Gina,Boyer,Gina Boyer,Gina Boyer,ginab@contoso.com,cn=Arthur Yasinski,(509) 555-3766,Salesperson
cn=Annelie Zubar,inetOrgPerson;person;organizationalPerson;posixAccount;top,anneliz,/home/anneliz,Sales,Annelie,Zubar,Annelie Zubar,Annelie Zubar,anneliz@contoso.com,cn=Jose Saraiva,2555-4845,Salesperson
cn=David Bossard,inetOrgPerson;person;organizationalPerson;posixAccount;top,davidb,/home/davidb,Sales,David,Bossard,David Bossard,David Bossard,davidb@contoso.com,cn=April Stewart,(206) 555-1422,Salesperson
cn=Alicia Thomber,inetOrgPerson;person;organizationalPerson;posixAccount;top,aliciat,/home/aliciat,Sales,Alicia,Thomber,Alicia Thomber,Alicia Thomber,aliciat@contoso.com,cn=David Simpson,(714) 555-4825,Salesperson
cn=Marcelo Truffat,inetOrgPerson;person;organizationalPerson;posixAccount;top,marcelt,/home/marcelt,Sales,Marcelo,Truffat,Marcelo Truffat,Marcelo Truffat,marcelt@contoso.com,cn=Jose Saraiva,(206) 555-1785,Salesperson
cn=Tony Madigan,inetOrgPerson;person;organizationalPerson;posixAccount;top,tonym,/home/tonym,Engineering Operations,Tony,Madigan,Tony Madigan,Tony Madigan,tonym@contoso.com,cn=Carol Troup,(206) 555-6941,Senior Engineer
cn=Sunil Koduri,inetOrgPerson;person;organizationalPerson;posixAccount;top,sunilk,/home/sunilk,Engineering Operations,Sunil,Koduri,Sunil Koduri,Sunil Koduri,sunilk@contoso.com,cn=Carol Troup,(206) 555-5651,Senior Engineer
cn=Simon Pearson,inetOrgPerson;person;organizationalPerson;posixAccount;top,simonp,/home/simonp,Engineering Operations,Simon,Pearson,Simon Pearson,Simon Pearson,simonp@contoso.com,cn=Carol Troup,(206) 555-2318,Senior Engineer
cn=Paul Duffy,inetOrgPerson;person;organizationalPerson;posixAccount;top,pauld,/home/pauld,Engineering Operations,Paul,Duffy,Paul Duffy,Paul Duffy,pauld@contoso.com,cn=Carol Troup,(206) 555-9351,Senior Engineer
cn=Kate Taneyhill,inetOrgPerson;person;organizationalPerson;posixAccount;top,katet,/home/katet,Engineering Operations,Kate,Taneyhill,Kate Taneyhill,Kate Taneyhill,katet@contoso.com,cn=Carol Troup,(206) 555-2732,Senior Engineer
cn=Chris Gray,inetOrgPerson;person;organizationalPerson;posixAccount;top,chrisg,/home/chrisg,Engineering Operations,Chris,Gray,Chris Gray,Chris Gray,chrisg@contoso.com,cn=Carol Troup,(206) 555-9244,Senior Engineer
cn=Stephen Deming,inetOrgPerson;person;organizationalPerson;posixAccount;top,stephed,/home/stephed,Engineering Operations,Stephen,Deming,Stephen Deming,Stephen Deming,stephed@contoso.com,cn=Carol Troup,(206) 555-1211,Engineer
cn=Olivier Fontana,inetOrgPerson;person;organizationalPerson;posixAccount;top,olivief,/home/olivief,Engineering Operations,Olivier,Fontana,Olivier Fontana,Olivier Fontana,olivief@contoso.com,cn=Carol Troup,(206) 555-7444,Engineer
cn=Michelle Fredette,inetOrgPerson;person;organizationalPerson;posixAccount;top,michelf,/home/michelf,Engineering Operations,Michelle,Fredette,Michelle Fredette,Michelle Fredette,michelf@contoso.com,cn=Carol Troup,(206) 555-6132,Engineer
cn=Arlene Huff,inetOrgPerson;person;organizationalPerson;posixAccount;top,arleneh,/home/arleneh,Strategy Consulting,Arlene,Huff,Arlene Huff,Arlene Huff,arleneh@contoso.com,cn=Jenni Merrifield,(206) 555-9538,Strategy Consultant
cn=Pieter Wycoff,inetOrgPerson;person;organizationalPerson;posixAccount;top,pieterw,/home/pieterw,Marketing,Pieter,Wycoff,Pieter Wycoff,Pieter Wycoff,pieterw@contoso.com,cn=Kelly Krout,(206) 555-9269,Marketing Specialist
cn=Erwin Zischka,inetOrgPerson;person;organizationalPerson;posixAccount;top,erwinz,/home/erwinz,Engineering Operations,Erwin,Zischka,Erwin Zischka,Erwin Zischka,erwinz@contoso.com,cn=Carol Troup,(206) 555-8835,Engineer
cn=Lukas Keller,inetOrgPerson;person;organizationalPerson;posixAccount;top,lukask,/home/lukask,Operations,Lukas,Keller,Lukas Keller,Lukas Keller,lukask@contoso.com,cn=Erika Cheley,(206) 555-3556,Manager
cn=Ken Ewert,inetOrgPerson;person;organizationalPerson;posixAccount;top,kene,/home/kene,Operations,Ken,Ewert,Ken Ewert,Ken Ewert,kene@contoso.com,cn=Erika Cheley,(206) 555-7698,Manager
cn=Justin Thorp,inetOrgPerson;person;organizationalPerson;posixAccount;top,justint,/home/justint,Operations,Justin,Thorp,Justin Thorp,Justin Thorp,justint@contoso.com,cn=Erika Cheley,(206) 555-1393,Manager
cn=Jon Grande,inetOrgPerson;person;organizationalPerson;posixAccount;top,jong,/home/jong,Operations,Jon,Grande,Jon Grande,Jon Grande,jong@contoso.com,cn=Erika Cheley,(206) 555-7649,Manager
cn=Jo Berry,inetOrgPerson;person;organizationalPerson;posixAccount;top,job,/home/job,Operations,Jo,Berry,Jo Berry,Jo Berry,job@contoso.com,cn=Ben Spain,(206) 555-9867,Manager
cn=Hans Gufler,inetOrgPerson;person;organizationalPerson;posixAccount;top,hansg,/home/hansg,Operations,Hans,Gufler,Hans Gufler,Hans Gufler,hansg@contoso.com,cn=Ben Spain,(206) 555-1298,Manager
cn=David Bradley,inetOrgPerson;person;organizationalPerson;posixAccount;top,davidb1,/home/davidb1,Operations,David,Bradley,David Bradley,David Bradley,davidb1@contoso.com,cn=Ben Spain,(206) 555-5934,Manager
cn=Marie Dubois,inetOrgPerson;person;organizationalPerson;posixAccount;top,maried,/home/maried,Operations,Marie,Dubois,Marie Dubois,Marie Dubois,maried@contoso.com,cn=Arturo Lopez,(206) 555-5567,IT Manager
cn=Kevin Kennedy,inetOrgPerson;person;organizationalPerson;posixAccount;top,kevink,/home/kevink,Operations,Kevin,Kennedy,Kevin Kennedy,Kevin Kennedy,kevink@contoso.com,cn=Arturo Lopez,(206) 555-7455,IT Manager
cn=Kai Axford,inetOrgPerson;person;organizationalPerson;posixAccount;top,kaia,/home/kaia,Operations,Kai,Axford,Kai Axford,Kai Axford,kaia@contoso.com,cn=Arturo Lopez,(206) 555-9541,IT Manager
cn=Manish Chopra,inetOrgPerson;person;organizationalPerson;posixAccount;top,manishc,/home/manishc,Sales,Manish,Chopra,Manish Chopra,Manish Chopra,manishc@contoso.com,cn=Lene Aalling,(413) 555-3855,Salesperson
cn=Sunil Uppal,inetOrgPerson;person;organizationalPerson;posixAccount;top,sunilu,/home/sunilu,Marketing,Sunil,Uppal,Sunil Uppal,Sunil Uppal,sunilu@contoso.com,cn=Kelly Krout,(206) 555-2416,Public Relations Specialist
cn=Luis Bonifaz,inetOrgPerson;person;organizationalPerson;posixAccount;top,luisb,/home/luisb,Sales,Luis,Bonifaz,Luis Bonifaz,Luis Bonifaz,luisb@contoso.com,cn=Arthur Yasinski,(108) 5-7862,Salesperson
cn=Kevin Verboort,inetOrgPerson;person;organizationalPerson;posixAccount;top,kevinv,/home/kevinv,Sales,Kevin,Verboort,Kevin Verboort,Kevin Verboort,kevinv@contoso.com,cn=Arthur Yasinski,(206) 555-3654,Salesperson
cn=Christian Jene,inetOrgPerson;person;organizationalPerson;posixAccount;top,christj,/home/christj,Marketing,Christian,Jene,Christian Jene,Christian Jene,christj@contoso.com,cn=Kelly Krout,(206) 555-8834,Marketing Specialist
cn=Felipe Martins,inetOrgPerson;person;organizationalPerson;posixAccount;top,felipem,/home/felipem,Marketing,Felipe,Martins,Felipe Martins,Felipe Martins,felipem@contoso.com,cn=Kelly Krout,(206) 555-2312,Marketing Specialist
cn=John Evans,inetOrgPerson;person;organizationalPerson;posixAccount;top,johnev,/home/johnev,Marketing,John,Evans,John Evans,John Evans,johnev@contoso.com,cn=Kelly Krout,(206) 555-8951,Marketing Specialist
cn=Heinrich Fischer,inetOrgPerson;person;organizationalPerson;posixAccount;top,heinrif,/home/heinrif,Operations,Heinrich,Fischer,Heinrich Fischer,Heinrich Fischer,heinrif@contoso.com,cn=Arturo Lopez,(206) 555-3325,IT Manager
cn=Kirk Nason,inetOrgPerson;person;organizationalPerson;posixAccount;top,kirkj,/home/kirkj,Sales,Kirk,Nason,Kirk Nason,Kirk Nason,kirkj@contoso.com,cn=Jose Saraiva,(91) 555-8595,Salesperson
cn=Brian Cox,inetOrgPerson;person;organizationalPerson;posixAccount;top,brianc,/home/brianc,Operations,Brian,Cox,Brian Cox,Brian Cox,brianc@contoso.com,cn=Keith Dishmo,(206) 555-4515,Procurement Manager
cn=Patricia Doyle,inetOrgPerson;person;organizationalPerson;posixAccount;top,patricd,/home/patricd,Sales,Patricia,Doyle,Patricia Doyle,Patricia Doyle,patricd@contoso.com,cn=Lene Aalling,(312) 555-9181,Salesperson
cn=Ron Gabel,inetOrgPerson;person;organizationalPerson;posixAccount;top,rong,/home/rong,Sales,Ron,Gabel,Ron Gabel,Ron Gabel,rong@contoso.com,cn=April Stewart,(617) 555-2429,Salesperson
cn=Shmuel Yair,inetOrgPerson;person;organizationalPerson;posixAccount;top,shmuely,/home/shmuely,Sales,Shmuel,Yair,Shmuel Yair,Shmuel Yair,shmuely@contoso.com,cn=David Simpson,(404) 555-2693,Salesperson
cn=Phyllis Harris,inetOrgPerson;person;organizationalPerson;posixAccount;top,phyllih,/home/phyllih,Marketing,Phyllis,Harris,Phyllis Harris,Phyllis Harris,phyllih@contoso.com,cn=Kelly Krout,(206) 555-1214,Marketing Specialist
cn=Jenny Lysaker,inetOrgPerson;person;organizationalPerson;posixAccount;top,jennyl,/home/jennyl,Sales,Jenny,Lysaker,Jenny Lysaker,Jenny Lysaker,jennyl@contoso.com,cn=April Stewart,(860) 555-4516,Salesperson
cn=Jordao Moreno,inetOrgPerson;person;organizationalPerson;posixAccount;top,jordaom,/home/jordaom,Marketing,Jordao,Moreno,Jordao Moreno,Jordao Moreno,jordaom@contoso.com,cn=Kelly Krout,(206) 555-6811,Marketing Specialist
cn=Josh Edwards,inetOrgPerson;person;organizationalPerson;posixAccount;top,joshe,/home/joshe,Sales,Josh,Edwards,Josh Edwards,Josh Edwards,joshe@contoso.com,cn=Lene Aalling,(026) 555-8454,Salesperson
cn=Chris Johnson,inetOrgPerson;person;organizationalPerson;posixAccount;top,chrisj,/home/chrisj,Marketing,Chris,Johnson,Chris Johnson,Chris Johnson,chrisj@contoso.com,cn=Kelly Krout,(206) 555-9000,Marketing Specialist
cn=Kris Johnsen,inetOrgPerson;person;organizationalPerson;posixAccount;top,krisj,/home/krisj,Operations,Kris,Johnsen,Kris Johnsen,Kris Johnsen,krisj@contoso.com,cn=Arturo Lopez,(206) 555-9001,IT Manager
cn=Chris Johnson [FINANCE],inetOrgPerson;person;organizationalPerson;posixAccount;top,chrisjoh,/home/chrisjoh,Accounting,Chris,Johnson,Chris Johnson [FINANCE],Chris Johnson [FINANCE],chrisjoh@contoso.com,cn=Karim Manar,(206) 555-9002,Accountant
cn=Chris F. Johnson,inetOrgPerson;person;organizationalPerson;posixAccount;top,chrisjohn,/home/chrisjohn,Engineering Operations,Chris,Johnson,Chris F. Johnson,Chris F. Johnson,chrisjohn@contoso.com,cn=Carol Troup,(206) 555-9003,Senior Engineer
cn=Chris Johnson [SALES],inetOrgPerson;person;organizationalPerson;posixAccount;top,chrisjohns,/home/chrisjohns,Sales Engagement Management,Chris,Johnson,Chris Johnson [SALES],Chris Johnson [SALES],chrisjohns@contoso.com,cn=April Stewart,(206) 555-9004,Salesperson